<?xml version="1.0" encoding="UTF-8"?>
<beans xmlns="http://www.springframework.org/schema/beans"
	xmlns:xsi="http://www.w3.org/2001/XMLSchema-instance"
	xmlns:mybatis-spring="http://mybatis.org/schema/mybatis-spring"
	xmlns:context="http://www.springframework.org/schema/context"
	xmlns:tx="http://www.springframework.org/schema/tx"
	xmlns:aop="http://www.springframework.org/schema/aop"
	xmlns:task="http://www.springframework.org/schema/task"
	xsi:schemaLocation="http://mybatis.org/schema/mybatis-spring http://mybatis.org/schema/mybatis-spring-1.2.xsd
		http://www.springframework.org/schema/task http://www.springframework.org/schema/task/spring-task-4.3.xsd
		http://www.springframework.org/schema/beans https://www.springframework.org/schema/beans/spring-beans.xsd
		http://www.springframework.org/schema/context http://www.springframework.org/schema/context/spring-context-4.3.xsd
		http://www.springframework.org/schema/aop http://www.springframework.org/schema/aop/spring-aop-4.3.xsd
		http://www.springframework.org/schema/tx http://www.springframework.org/schema/tx/spring-tx-4.3.xsd">

    <!-- Root Context: defines shared resources visible to all other web components -->
    <bean id="dataSource" class="org.apache.commons.dbcp.BasicDataSource">
        <property name="driverClassName"
        	value="com.mysql.cj.jdbc.Driver" />
        <property name="url"
        	value="jdbc:mysql://localhost:3306/health?useUnicode=true&amp;characterEncoding=utf8"/>
        <property name="username" value="scott"/>
        <property name="password" value="tiger"/>
    </bean>
    
    <bean id="sqlSessionFactory" 
    	class="org.mybatis.spring.SqlSessionFactoryBean">
        <property name="dataSource" ref="dataSource"/>
        <property name="configLocation"
        	value="classpath:/mybatis-config.xml"/>
    </bean>

    <!-- 트랜잭션 관리 -->
    <bean id="transactionManager" 
    	class="org.springframework.jdbc.datasource.DataSourceTransactionManager">
        <property name="dataSource" ref="dataSource"/>
    </bean>
    
    <tx:annotation-driven transaction-manager="transactionManager"/>
    
    <mybatis-spring:scan base-package="com.example.health.mapper"/>
    
    <!-- @Component 계열 클래스를 스캔해서 스프링 빈으로 등록하고 의존관계 주입 -->
	<context:component-scan base-package="com.example.health.service"/>
	
	<context:component-scan base-package="com.example.health.aop"/>
	<!-- aop 어노테이션 기능 활성화 -->
	<aop:aspectj-autoproxy/>
	
	<context:component-scan base-package="com.example.health.task"/>
	<!-- quartz의 @scheduled 어노테이션 기능 활성화 -->
	<task:annotation-driven/> 
    
</beans>