<?xml version="1.0" encoding="UTF-8"?>
<beans xmlns="http://www.springframework.org/schema/beans"
       xmlns:xsi="http://www.w3.org/2001/XMLSchema-instance"
       xmlns:mybatis-spring="http://mybatis.org/schema/mybatis-spring"
       xmlns:context="http://www.springframework.org/schema/context"
       xmlns:tx="http://www.springframework.org/schema/tx"
       xmlns:aop="http://www.springframework.org/schema/aop"
       xmlns:task="http://www.springframework.org/schema/task"
       xsi:schemaLocation="http://mybatis.org/schema/mybatis-spring http://mybatis.org/schema/mybatis-spring-1.2.xsd
           http://www.springframework.org/schema/task http://www.springframework.org/schema/task/spring-task-4.3.xsd
           http://www.springframework.org/schema/beans https://www.springframework.org/schema/beans/spring-beans.xsd
           http://www.springframework.org/schema/context http://www.springframework.org/schema/context/spring-context-4.3.xsd
           http://www.springframework.org/schema/aop http://www.springframework.org/schema/aop/spring-aop-4.3.xsd
           http://www.springframework.org/schema/tx http://www.springframework.org/schema/tx/spring-tx-4.3.xsd">

    <!-- 데이터베이스 및 MyBatis 설정 -->
    <bean id="dataSource" class="org.apache.commons.dbcp.BasicDataSource">
        <property name="driverClassName" value="com.mysql.cj.jdbc.Driver" />
        <property name="url" value="jdbc:mysql://localhost:3306/health?useUnicode=true&amp;characterEncoding=utf8"/>
        <property name="username" value="scott"/>
        <property name="password" value="tiger"/>
    </bean>
    
    <bean id="sqlSessionFactory" class="org.mybatis.spring.SqlSessionFactoryBean">
        <property name="dataSource" ref="dataSource"/>
        <property name="configLocation" value="classpath:/mybatis-config.xml"/>
    </bean>

    <!-- 트랜잭션 관리 -->
    <bean id="transactionManager" class="org.springframework.jdbc.datasource.DataSourceTransactionManager">
        <property name="dataSource" ref="dataSource"/>
    </bean>
    
    <tx:annotation-driven transaction-manager="transactionManager"/>
    
    <mybatis-spring:scan base-package="com.example.health.mapper"/>
    
    <!-- 컴포넌트 스캔 및 AOP 설정 -->
    <context:component-scan base-package="com.example.health.service"/>
    <context:component-scan base-package="com.example.health.aop"/>
    <aop:aspectj-autoproxy/>
    
    <!-- 컴포넌트 스캔 추가 -->
    <context:component-scan base-package="com.example.health.task"/>
    
    <!-- <task:annotation-driven/> 태그 제거 -->
</beans>
